id;mobile_number;login;first_name;last_name;email;activated;lang_key;image_url;user_status;cover_photo;user_type;dob;gender;is_hiring;enable_messages;enable_notifications;enable_offers_notifications;is_dark
7f287bff-5c10-4eb3-8d08-6d95f9c99bb8;Grass-roots;Infrastructure Connecticut;Jay;Jakubowski;Dina_Bednar39@hotmail.com;true;Alaska Regional;black;OFFLINE;User-friendly;NORMAL;invoice;MALE;true;true;false;false;false
bc7b1d06-3f5a-4998-b852-10b8899a0b5c;Beauty project internet;Loan;Abe;Parker;Xander.Effertz@yahoo.com;false;Sports optical Mouse;protocol sexy Quality;DEACTIVE;User-friendly Colon SAS;NORMAL;SDD;MALE;false;true;true;true;true
37a1f9c2-df5c-471f-93c6-96300af6562a;Universal;Bedfordshire Associate client-driven;Lyla;Runte;Ewald69@gmail.com;false;open-source Vision-oriented Market;1080p Baby orange;DEACTIVE;Interactions hard;NORMAL;Michigan Curve;FEMALE;true;true;false;false;true
1844fd9a-1bf8-4a69-8ce1-79a16f1e332f;Gorgeous;one-to-one Gloves;Rebecca;Stroman;Zoey.Waelchi85@gmail.com;true;primary Clothing;Polynesia emulation;OFFLINE;middleware;REVIEWER;efficient;MALE;true;false;false;true;false
8adfbd5b-fcb5-4faa-b964-f1f7137c470a;Investment;SAS grid-enabled;Braxton;Flatley;Marlene.Wisozk69@yahoo.com;false;clicks-and-mortar HTTP;Account;ONLINE;overriding;REVIEWER;Towels deploy;FEMALE;false;true;true;false;false
f48a378c-ad79-4b69-90ea-86ed52c872fc;Rubber;Forward Parkways;Selena;Nikolaus;Kurtis.Marvin84@hotmail.com;true;Sharable;Chicken;DEACTIVE;black;REVIEWER;synthesize;FEMALE;true;true;true;true;true
ea45005e-0381-4416-9d83-7bb9353e623a;Keyboard Berkshire hacking;standardization Handmade bandwidth;Vicenta;Bednar;Raven34@hotmail.com;false;Rustic generating;array sky Maryland;ONLINE;interface Minnesota Facilitator;REVIEWER;Cambridgeshire one-to-one Plains;MALE;false;false;true;true;true
6c301555-9319-4437-a4c7-73a0004411ab;Markets generate Assistant;Stream;Lionel;Toy;Trenton_Prohaska12@hotmail.com;true;directional Account;Beauty;ACTIVE;paradigms Circles;REVIEWER;SCSI;FEMALE;false;true;false;false;true
a223f681-0ccb-479d-bbe6-ef59a1699321;Wooden Dinar 24/7;Facilitator Avon;Delores;Reynolds;Tyrel_Zieme@gmail.com;true;Planner Mouse International;Avon Streets Wooden;ACTIVE;deliverables Nigeria integrate;NORMAL;bi-directional Key;MALE;false;false;true;true;true
ce2f5596-f8db-4346-bbf4-927b275cc7fe;initiatives engineer architect;asynchronous application access;Frank;Howe;Vincenza_Hegmann67@gmail.com;true;Licensed;Savings program functionalities;DEACTIVE;digital Handcrafted;REVIEWER;enterprise;MALE;false;true;true;false;true
