id;text;creation_date;sender;read_by;media_type;reaction
1;Solutions Wooden;2022-02-15T21:46:04;payment experiences;true;TEXT;ANGRE
2;Quality-focused index FTP;2022-02-16T00:27:13;orchestrate;false;TEXT;NONE
3;leverage bricks-and-clicks Operations;2022-02-16T02:10:27;solid plug-and-play;false;IMAGE;SMILE
4;Solutions cultivate Industrial;2022-02-16T09:11:47;indigo Virginia;true;IMAGE;NONE
5;Regional;2022-02-16T05:55:49;Senior Salad;true;FILE;SMILE
6;uniform Generic synergistic;2022-02-16T15:21:13;pixel hacking Account;false;TEXT;SMILE
7;pixel relationships;2022-02-16T16:03:56;Public-key;true;IMAGE;SAD
8;Generic brand;2022-02-16T09:31:04;azure;false;IMAGE;SAD
9;Developer Investment Concrete;2022-02-16T03:42:04;Burkina Minnesota;false;IMAGE;SMILE
10;Facilitator deposit bypass;2022-02-16T09:27:00;synthesize Bedfordshire Vermont;false;IMAGE;ANGRE
